"doctor_ID","password","name","surname","date_of_birth","specialization"
"1","f3c689","matteo","casey","19770326","orthopedic"
"2","4523c036","isis","kemp","19740908","pathologist"
"3","5f0549b0a1","abel","mullins","19921201","urologist"
"4","fbab6ee0281","amira","harrell","19740916","pathologist"
"5","30f40ad6275","tyree","mckenzie","19420810","diabetologist"
"6","114819d2","jakobe","lynn","19650824","neurologist"
"7","cc18722fcdb3","zaire","garcia","19940812","diabetologist"
"8","d0634377","cedric","peck","19660714","anesthesiologist"
"9","8a79aff0f","ernesto","alvarez","19800910","allergist"
"10","facc08c83390","remington","neal","19610703","anesthesiologist"
"11","d2f2c678a7d","ariel","terrell","19500303","pediatrician"
"12","98d3dd6c60","ana","combs","19580416","diabetologist"
"13","d64cf5ee5473","lathan","dotson","19830211","anesthesiologist"
"14","b3ac7493f62f","conner","buckner","19610221","diabetologist"
"15","3ad2d61d3b","quintin","bowers","19910820","immunologist"
"16","7b2d4a","destinee","mclaughlin","19470101","anesthesiologist"
"17","893fb","natalie","acosta","19940130","urologist"
"18","9d52e","emery","blake","19911003","orthopedic"
"19","d5c7e","lee","black","19940220","pediatrician"
"20","cea37b","jaydon","oneill","19621208","neurologist"
"21","e93e1bc82f17","jimmy","ray","19640810","pathologist"
"22","0554b0f8726c","harold","horton","19880326","diabetologist"
"23","a72cb8f77","terry","schmidt","19780727","diabetologist"
"24","1c7fa2dc2ee5","joslyn","wilcox","19530110","diabetologist"
"25","522c34","dulce","stafford","19570403","anesthesiologist"
"26","d396426","guillermo","kline","19891107","urologist"
"27","b99ef29f9ff","allen","harris","19630829","urologist"
"28","bfe51cd4fc30","jeffrey","guerrero","19820105","orthopedic"
"29","56a9847f19","leigha","gaines","19481116","immunologist"
"30","d6ecff0c3b","breanna","goodman","19740616","urologist"
"31","bb0899ce7","adriana","nieves","19580414","diabetologist"
"32","5d3eec6","karsyn","koch","19861122","neurologist"
"33","a92b68d2","arthur","scott","19420119","diabetologist"
"34","aefd0","valeria","vincent","19611215","urologist"
"35","dc3464b","hayleigh","joyce","19460816","cardiologist"
"36","a0b8158e87","danielle","everett","19590223","neurologist"
"37","6034f57","miles","schneider","19750405","pediatrician"
"38","5c7e8ec9","jaxen","kaufman","19420415","orthopedic"
"39","e1be9b01","damarion","suarez","19421002","cardiologist"
"40","806c55e8f","shawn","moore","19730822","pediatrician"
"41","51947a61bf54","mia","ross","19770523","allergist"
"42","cc7980521","maxx","austin","19791201","neurologist"
"43","435318c78","nolan","ray","19560728","urologist"
"44","6f485c1e183","jordyn","franklin","19420110","orthopedic"
"45","207f1f2","gianna","garrison","19910211","orthopedic"
"46","6cbbe","sariah","hubbard","19890310","orthopedic"
"47","9a3022c95e","keyla","mendoza","19441214","urologist"
"48","020a4d9b20","adelynn","hensley","19930519","orthopedic"
"49","be2f9b6f","carson","price","19740719","pediatrician"
"50","f87f86b8b1e0","aubrie","shannon","19520503","pediatrician"
"51","d934b26a","roberto","harrison","19480604","allergist"
"52","1b0a7f31eb78","keira","petersen","19770118","allergist"
"53","5855b2694","kristian","beach","19780226","immunologist"
"54","71b21af7","averie","velez","19441102","neurologist"
"55","c08da1","jadiel","juarez","19580223","pathologist"
"56","9c14a48d1916","jacoby","mccoy","19470217","orthopedic"
"57","f46e3a9c0d","milania","hebert","19510203","diabetologist"
"58","8f5d18f902","jamarion","morton","19940705","urologist"
"59","0f842047","eliza","zamora","19440514","diabetologist"
"60","eca469082","edgar","elliott","19770409","urologist"
"61","aedd187527","carolina","scott","19800225","pathologist"
"62","8cefec","isabel","sears","19530211","pathologist"
"63","48774d6","alfonso","potts","19721008","anesthesiologist"
"64","dcc82a9e3a","morgan","king","19480417","anesthesiologist"
"65","d822c4bd","diana","bullock","19870430","immunologist"
"66","4b3637ba","mercedes","calderon","19650112","pediatrician"
"67","7f6f6ae","krish","chase","19500415","cardiologist"
"68","a1b825fe2e1","catherine","stokes","19831015","pathologist"
"69","943f90c","raelynn","harper","19471007","allergist"
"70","d5c5836f7e","meadow","benton","19830623","allergist"
"71","6965ef13f","lincoln","hodge","19660327","neurologist"
"72","475639534","carlee","phillips","19780629","immunologist"
"73","45b567","john","sharp","19631004","allergist"
"74","2078c5cac","nylah","wolfe","19511129","urologist"
"75","88882502fb","noemi","reid","19550811","diabetologist"
"76","8bdc6c29","darian","sherman","19460516","cardiologist"
"77","fb456a7","jase","fowler","19411107","anesthesiologist"
"78","8d5d2fad32","kael","walls","19430911","neurologist"
"79","270749ed5135","demetrius","foster","19400702","cardiologist"
"80","36508","mia","woodard","19421108","neurologist"
"81","f2765c14550","liana","stanley","19711006","anesthesiologist"
"82","6da5df","bruno","boone","19500623","urologist"
"83","5a9c1ee916","beatrice","browning","19651208","cardiologist"
"84","cfb8e070f20","john","woodward","19480729","neurologist"
"85","6991e","clark","carson","19530310","pathologist"
"86","47533f4ee6f","weston","pruitt","19750314","cardiologist"
"87","a4988f873733","naomi","clarke","19450628","pathologist"
"88","000ffab","jakob","sutton","19420715","urologist"
"89","0658c77f344","vivienne","small","19660319","cardiologist"
"90","52c960fcd9","tenley","mccray","19650721","urologist"
"91","282a04c8ef","harper","sampson","19460713","neurologist"
"92","a676d","kellan","bentley","19870828","immunologist"
"93","8491c6f0bba","raelyn","rodriquez","19551231","pediatrician"
"94","aefe0ca4","natalee","wong","19510308","allergist"
"95","6e015789","emelia","king","19460315","cardiologist"
"96","f8eeac","valentina","howe","19610927","pathologist"
"97","4dfc1152a4","hazel","hutchinson","19880510","diabetologist"
"98","23d338d1a569","marc","dudley","19800815","orthopedic"
"99","9ff835dc","celia","king","19600831","allergist"
"100","55b5a8","anastasia","cain","19500607","allergist"
"101","6038fc","ann","banks","19410111","pediatrician"
"102","459ad9418892","alina","deleon","19771125","anesthesiologist"
"103","26b89944c7f","marshall","floyd","19610325","cardiologist"
"104","902acafd2","mitchell","weaver","19531114","diabetologist"
"105","299ebf","patrick","potts","19910301","pathologist"
"106","3f6f3","lyric","merritt","19800319","diabetologist"
"107","de07ca","brayan","terry","19680405","urologist"
"108","d350591672da","lucy","holloway","19901212","allergist"
"109","413bff2","kenzie","freeman","19930829","urologist"
"110","b3ae9eb67575","elle","fowler","19611015","diabetologist"
"111","a7935c7e2b8","noemi","gomez","19670519","urologist"
"112","db3d61","stella","mcconnell","19911005","orthopedic"
"113","a0154ddd9","kayden","stuart","19500516","allergist"
"114","1d4688","anna","collier","19790426","cardiologist"
"115","665df5977","yahir","crawford","19570920","urologist"
"116","2e6a2d","gunner","soto","19560903","orthopedic"
"117","71525","mark","cleveland","19720107","pediatrician"
"118","4a2157","micah","mendez","19490214","anesthesiologist"
"119","9d87cf","cooper","marsh","19640626","diabetologist"
"120","33516edef","lilyanna","gamble","19840130","allergist"
"121","5d31ef630a","ansley","combs","19901208","orthopedic"
"122","08e86e","alia","stevenson","19491123","pediatrician"
"123","89146ba4c516","wendy","curry","19410415","neurologist"
"124","175b21","alena","reyes","19640325","pathologist"
"125","2cccdb6","kiley","hood","19851230","anesthesiologist"
"126","d22d13a255a","zaiden","foreman","19790916","pathologist"
"127","faab0e","kamren","atkins","19481204","anesthesiologist"
"128","4e31e5a","esteban","watts","19580302","immunologist"
"129","d6c9bf1317","tatiana","heath","19550927","pediatrician"
"130","0881d","malaki","hughes","19530620","pathologist"
"131","9f1d4171534","kane","snow","19821109","diabetologist"
"132","da66d07fc4a2","brennen","mccray","19801227","immunologist"
"133","67276a291","haleigh","paul","19790708","immunologist"
"134","48e119cadaa","aiden","sherman","19820928","orthopedic"
"135","6df781b0cd","jaylyn","orr","19630803","anesthesiologist"
"136","065399b0a2cf","princeton","trevino","19510323","cardiologist"
"137","e2323aa7f99","gabriel","conway","19620928","cardiologist"
"138","96321f4452d","graham","wooten","19801119","allergist"
"139","594c8100b35b","darian","gomez","19821104","diabetologist"
"140","33599c8201d","jaida","montgomery","19670305","urologist"
"141","4bdc7","janiya","nolan","19441019","diabetologist"
"142","a3a68ad397b8","gia","richardson","19820822","pathologist"
"143","367d8d0ec4d2","tyson","greer","19530922","anesthesiologist"
"144","3ec1138ca","martin","rivas","19540727","pediatrician"
"145","dc9c333a","audrey","solis","19681016","allergist"
"146","759c805aaa","carmelo","marshall","19410207","immunologist"
"147","7524f7b","tommy","garner","19550826","immunologist"
"148","3b2462984","coen","dickson","19891108","diabetologist"
"149","70886","nicolas","jones","19400829","urologist"
"150","a5e2341a817","trey","england","19940127","pathologist"
"151","bdab0428b2","rylan","cardenas","19580309","allergist"
"152","1ba705","erik","robles","19831209","allergist"
"153","5a5040e38ee6","kolby","franks","19620421","anesthesiologist"
"154","098d371b8","kendall","salazar","19840429","pathologist"
"155","fc34e3e","braiden","watkins","19460210","immunologist"
"156","4440e7b","azaria","clay","19701031","allergist"
"157","8bca9e","selena","walter","19470808","immunologist"
"158","8212a6873","lucille","bullock","19461031","immunologist"
"159","f0c38994f21","nahla","moreno","19610523","urologist"
"160","54ac6ce18","beau","hensley","19590121","pathologist"
"161","64938c858e","aaliyah","hester","19790531","immunologist"
"162","54f79678c3","matthias","dorsey","19670509","orthopedic"
"163","08714d67c5","jordan","hale","19491123","allergist"
"164","55648b297b0f","dakota","manning","19670629","neurologist"
"165","3fccd6884078","tenley","myers","19520223","diabetologist"
"166","da213","jenny","patrick","19540818","urologist"
"167","967d3b632f","esme","ray","19871031","cardiologist"
"168","f0b1952","lionel","hess","19470504","pediatrician"
"169","c923410b","braiden","barlow","19420919","neurologist"
"170","34d80b141c","kasen","cunningham","19680830","pathologist"
"171","644183359","alex","moss","19740310","immunologist"
"172","43a804c","kolten","cohen","19560122","neurologist"
"173","887af8685e7","hugh","gilmore","19840404","orthopedic"
"174","c57f6a5d","london","stevens","19671110","cardiologist"
"175","8d1f92","malcolm","pickett","19601106","diabetologist"
"176","6a79c41fd","lilyanna","chambers","19560407","immunologist"
"177","7cc33d9","tripp","compton","19690316","pediatrician"
"178","7fd7fbe832","lilith","haley","19880116","cardiologist"
"179","d775dbac1b8","brianna","chandler","19910509","neurologist"
"180","c54d04179b","amiyah","bowers","19400718","orthopedic"
"181","b9e9f13b","taylor","ashley","19710911","neurologist"
"182","7aae4d4079","kai","schultz","19430417","diabetologist"
"183","e8b2688b6d8","caitlyn","rivera","19880607","pathologist"
"184","b37afc3073c0","evan","mitchell","19550606","pathologist"
"185","a5b53ced","emelia","dorsey","19840613","anesthesiologist"
"186","c1196d","jax","oconnor","19610906","immunologist"
"187","c1cef1","connor","orr","19660623","immunologist"
"188","43384a","kassandra","hicks","19701017","allergist"
"189","59b174","faith","larson","19590721","urologist"
"190","5673e","zachary","dawson","19671004","orthopedic"
"191","da43dd","zackary","le","19650412","pathologist"
"192","5e04bb1e5","liberty","bass","19520228","anesthesiologist"
"193","f7cde","jaylon","freeman","19940126","neurologist"
"194","8690e24","payten","dejesus","19791011","pediatrician"
"195","9c451d","mackenzie","baldwin","19521011","immunologist"
"196","814d1fd7","emerson","scott","19830201","pathologist"
"197","fa04047a","eleanor","morgan","19480609","orthopedic"
"198","e2154552e6","charleigh","callahan","19911222","urologist"
"199","379604","adriana","tillman","19900201","allergist"
"200","81da33b","anabel","sherman","19920315","pediatrician"
