"patient_health_code","password","name","surname","date_of_birth","telephone_number","home_address"
"504-86-182","ad16f312a6","kellan","holland","19531226","(619) 306-3128","8511 60th, kent, washington, united states, 98024"
"089-20-924","67b45","devan","woodard","19520126","(878) 805-8643","8165 13th, des moines, iowa, united states, 50385"
"033-73-522","ebb7e9376453","enoch","barlow","19561108","(330) 706-2424","3335 hampden, newark, new jersey, united states, 07101"
"207-39-742","c1e8571","mayson","brown","19800908","(928) 845-3919","5097 wells, lexington, kentucky, united states, 405644"
"489-10-736","b5d64","isaiah","hester","19671220","(213) 916-0211","5149 music court, tempe, arizona, united states, 85051"
"873-12-539","c7e1e982","morgan","tanner","19881217","(458) 831-9712","8222 lafayette, sacramento, california, united states, 95646"
"685-20-644","21481bcbe66","carter","little","19520229","(231) 981-3213","1695 walnut, ann arbor, michigan, united states, 48159"
"206-04-568","9906bce1","orlando","bentley","19420831","(760) 933-2455","1502 carver, cary, north carolina, united states, 27518"
"305-85-663","181f5b","lilly","rivers","19910815","(714) 900-3863","4642 rundell, new haven, connecticut, united states, 06561"
"546-29-077","472d25847e6","tori","miles","19590622","(770) 561-8350","3643 i57 111th st, st. petersburg, florida, united states, 33761"
"189-45-638","dc12affa5","tinley","dickson","19891229","(949) 573-7248","9932 madison park, norfolk, virginia, united states, 23556"
"520-19-458","5986f190","moses","andrews","19581117","(618) 333-4612","6368 green, seattle, washington, united states, 98949"
"757-89-888","e5081346","luka","travis","19750324","(810) 128-9599","9698 haddock, honolulu, hawaii, united states, 96003"
"533-42-320","583fdd1180","lauren","hughes","19870613","(971) 914-9000","3005 haft, elizabeth, new jersey, united states, 07222"
"273-17-247","b228e3bdc5","adan","mccall","19430324","(586) 812-9954","920 henderson, colorado springs, colorado, united states, 80659"
"664-74-053","1a903754","cade","sandoval","19721120","(936) 417-7710","9245 leonard, akron, ohio, united states, 44348"
"506-35-047","ce0c3fc46ff7","mara","carey","19650522","(540) 988-2909","7395 kinzua, manchester, new hampshire, united states, 03107"
"566-24-151","ec0732b424","malaki","hudson","19880907","(684) 721-6763","1924 52nd, jackson, mississippi, united states, 49278"
"126-62-379","b6641","lauryn","ramirez","19450116","(209) 881-3058","4364 canfield, omaha, nebraska, united states, 68192 "
"704-76-965","5cea5acb9c9","jackson","kennedy","19940705","(312) 788-1528","5968 loyola, tucson, arizona, united states, 85528"
"288-76-069","6b7ffd21dc4f","maximus","serrano","19580308","(857) 702-4198","4880 hirsch, norman, oklahoma, united states, 73012"
"098-95-501","96f4ec","sonia","weeks","19630807","(510) 698-1851","588 summerdale, chula vista, california, united states, 91979"
"428-01-772","29a46","jayden","mason","19670718","(205) 697-0569","2878 kennedy ontario st nb, albuquerque, new mexico, united states, 87500"
"238-62-017","a2067d50a3","kamden","knowles","19621026","(848) 678-5276","1691 coast guard, fargo, north dakota, united states, 58080"
"078-49-741","e26da89e8","kamryn","valdez","19440428","(731) 263-7220","8096 quincy, elizabeth, new jersey, united states, 07216"
"031-41-694","55bcfe34","paul","palmer","19721016","(859) 604-4857","2944 kemper, providence, rhode island, united states, 02832"
"138-27-255","2b9fe61c","carmelo","floyd","19930328","(210) 812-3608","7382 32nd, denver, colorado, united states, 80418"
"548-51-395","8c48fa9c27e9","johan","maxwell","19820709","(442) 670-6380","4561 53rd, miami, florida, united states, 33562"
"474-52-582","e679498","jaxon","munoz","19660707","(972) 864-4536","5984 78th, anaheim, california, united states, 92879"
"832-01-810","70815ec","case","jensen","19830908","(470) 480-1325","5029 menomonee, tacoma, washington, united states, 98038"
"541-71-609","9b4eaa72ee28","anabella","fuentes","19881113","(954) 605-0444","6481 edens ob, manchester, new hampshire, united states, 03109"
"782-68-572","df6155f2bb1","braeden","james","19770201","(913) 256-1704","8997 hurlbut, tucson, arizona, united states, 85603"
"253-53-703","8620a49","heather","aguilar","19480605","(586) 722-8725","5534 stevenson ib lsd nb, salt lake city, utah, united states, 84049"
"414-65-126","79708d6","caroline","mercer","19560824","(812) 760-7105","8090 hermione, hampton, virginia, united states, 23690"
"198-10-545","5f4adf","sage","kim","19470805","(804) 132-7261","662 dan ryan la salle st, henderson, nevada, united states, 89055"
"271-79-816","b461088cf","major","sellers","19450907","(513) 216-7588","4093 wilcox, detroit, michigan, united states, 48847"
"732-12-533","98523e","emmalyn","wolf","19900418","(802) 871-3340","8651 wilmot, peoria, arizona, united states, 85313"
"004-88-685","221f5aeb","luke","fletcher","19410319","(218) 186-1848","6136 edward barron, louisville, kentucky, united states, 40446"
"662-05-109","8feee1","hadley","stark","19610816","(913) 935-3278","7049 maud, laredo, texas, united states, 78056"
"093-43-073","8ba4e6","lincoln","bass","19640111","(786) 778-3452","3839 redwood, columbus, ohio, united states, 43155"
"040-76-596","ef0cf3ae","juliana","randolph","19730711","(251) 249-4499","5302 62nd, norman, oklahoma, united states, 73088"
"158-08-959","a7685","brent","mays","19810318","(978) 403-7967","7389 canfield av jfk, montgomery, alabama, united states, 36158 "
"457-96-248","c27ab6f118c","leah","macdonald","19860324","(713) 800-7056","9750 warwick, norman, oklahoma, united states, 73004"
"656-58-467","573cd1874","angie","burns","19910323","(785) 500-1664","9013 winneconna, manchester, new hampshire, united states, 03100"
"231-59-518","f4104a","jason","jefferson","19480914","(507) 153-8546","1123 north, provo, utah, united states, 84068"
"304-63-885","878f6074","angelo","daniel","19630312","(760) 582-0780","7259 talcott, tempe, arizona, united states, 85048"
"225-58-623","54cc8707b7","junior","armstrong","19581102","(253) 192-8342","6126 leland, gilbert, arizona, united states, 85232"
"016-91-413","58dc14","robert","dixon","19450624","(684) 189-3385","3976 navarre, chula vista, california, united states, 91997"
"302-59-456","d85c7930b","kasen","copeland","19490407","(850) 604-1939","4213 benton, winston-salem, north carolina, united states, 27122"
"321-01-162","95027a5d","lucille","compton","19490514","(843) 510-4848","5683 monticello, irvine, california, united states, 92631"
"466-55-038","3abf899dd7","delaney","peters","19851015","(224) 182-3743","3413 loris, chicago, illinois, united states, 60786"
"286-24-964","7b43bdb074","margaret","burch","19811001","(916) 439-9714","5109 cullerton, surprise, arizona, united states, 85348"
"668-91-601","d496d298ea50","claire","curry","19760127","(830) 671-9209","6447 access, providence, rhode island, united states, 02848"
"456-45-285","26f29349dea5","kathryn","coleman","19740829","(786) 598-0443","6975 dekalb, philadelphia, pennsylvania, united states, 19968"
"876-01-534","ec5a94","kara","cobb","19550428","(614) 676-5671","2159 lake shore lower, fort wayne, indiana, united states, 46709 "
"772-41-533","8798325ee0f5","celia","moon","19620713","(757) 983-3855","5082 67th, reno, nevada, united states, 89504"
"614-36-552","f9f682a1947","cadence","calhoun","19940414","(818) 855-7114","9524 pierce, north las vegas, nevada, united states, 89279 "
"608-37-383","d24fd498b9c0","kellen","battle","19501218","(636) 389-0223","529 21st, san diego, california, united states, 92858"
"518-80-750","3ffc3b5bb2","heath","best","19750207","(603) 937-3728","5166 julian, bellevue, washington, united states, 98092"
"513-87-291","7e582f25429e","zachariah","lawson","19781208","(570) 331-8157","2397 pontiac, joliet, illinois, united states, 60487"
"198-80-626","179a2","aliza","conrad","19600416","(212) 166-1345","3702 lenox, seattle, washington, united states, 98074"
"070-96-021","93995980c","maia","zamora","19770223","(724) 144-4939","4369 sell, chicago, illinois, united states, 60208"
"038-92-080","1da14","enrique","santos","19750828","(312) 525-8324","9226 lister, tulsa, oklahoma, united states, 74817"
"740-11-931","fd094577","meredith","delgado","19600629","(323) 273-9764","1042 kenton, charlotte, north carolina, united states, 28511"
"768-95-090","8ff5761b30a","priscilla","burke","19720803","(850) 206-6504","1414 lock, sterling heights, michigan, united states, 48313"
"011-43-723","0f91e","bryn","hutchinson","19720721","(817) 430-5164","2959 matson, san jose, california, united states, 95636"
"893-04-433","c37071a7246","franklin","juarez","19641212","(754) 969-8825","4176 riverwalk, lincoln, nebraska, united states, 68347 "
"135-72-057","e7838f09669","maria","benjamin","19490928","(734) 805-4799","5676 leyden, anaheim, california, united states, 92886"
"299-22-213","71fc2de","elliana","vargas","19610707","(760) 592-0507","6261 serbian, baltimore, maryland, united states, 21620"
"184-04-500","f28099b7abe","rowan","randolph","19780725","(608) 584-6730","6622 major, memphis, tennessee, united states, 38327"
"048-67-244","632b0","sydney","dejesus","19830927","(626) 913-8601","5742 alta vista, salt lake city, utah, united states, 84028"
"486-19-941","4d39f1a1","madelynn","cabrera","19511130","(425) 763-9321","3153 ferdinand, st. petersburg, florida, united states, 33755"
"382-99-894","b6143520c","kaleb","pope","19571224","(938) 461-1502","1028 belle plaine, lansing, michigan, united states, 48829"
"302-50-303","f225bdf9","xander","trevino","19690606","(458) 780-1562","2320 lake calumet harbor ent, santa ana, california, united states, 92649"
"450-53-579","90f0b1fa52ee","rebecca","gould","19470528","(985) 696-4751","5359 astor, hollywood, florida, united states, 33045"
"898-30-884","774d98e747","rivka","durham","19870612","(513) 700-1198","405 sherwin, moreno valley, california, united states, 92557"
"273-55-399","4a39cd8777b","alijah","ball","19521109","(513) 184-1965","6414 addison, san jose, california, united states, 95470"
"081-47-117","56848f4ff17d","casey","mckee","19620628","(385) 849-9783","7701 midway airport lower, fort worth, texas, united states, 76005"
"263-05-855","1753476","serenity","pugh","19530131","(575) 666-6409","9728 kanst, albuquerque, new mexico, united states, 87717"
"130-23-520","26c6e127a85","cassidy","ramos","19430318","(480) 654-8818","862 joyce, colorado springs, colorado, united states, 80248"
"148-88-204","7672b22cc99","amira","wynn","19680512","(435) 592-9614","5694 nordica, san diego, california, united states, 92545"
"335-63-105","27813","case","carver","19741121","(336) 485-6856","7581 somerset, new haven, connecticut, united states, 06568"
"796-26-850","7c843bb4","barbara","stokes","19410619","(775) 922-7352","3552 fairhope, chesapeake, virginia, united states, 23351"
"298-17-351","3ef262a330f","stefan","lott","19611213","(651) 466-2519","6035 hamlin, detroit, michigan, united states, 48876"
"030-49-554","3cf478922","campbell","french","19621124","(814) 575-9987","226 kennedy harlem av ob, warren, michigan, united states, 48026"
"692-67-237","1e46c8feae","jessie","gonzales","19550409","(801) 240-4273","9408 bond, west valley city, utah, united states, 84098"
"013-11-550","298db98ba7f","nicole","spears","19480414","(971) 300-7076","3107 stratford, winston-salem, north carolina, united states, 27186"
"090-08-190","5fadfe8","sierra","dunlap","19690924","(804) 570-1066","4478 lsd irving park rd, fort worth, texas, united states, 76872"
"179-12-830","851d91cf","carolyn","maddox","19631225","(539) 478-1049","7485 91st, evansville, indiana, united states, 47755"
"082-08-420","671a7982","kameron","wright","19920501","(248) 945-3618","4560 astor, naperville, illinois, united states, 60427"
"751-77-995","2f7958","alena","frye","19901026","(770) 369-8401","7622 hamilton, north las vegas, nevada, united states, 89625 "
"258-87-160","58e97a","leon","jackson","19480513","(862) 380-4325","6522 hermitage, san francisco, california, united states, 94070"
"709-86-313","0cc41","clinton","mccray","19410830","(770) 419-1206","5856 avenue n, louisville, kentucky, united states, 40524"
"478-40-975","2dad43c3861","kaylen","curtis","19610202","(504) 982-2517","528 grenshaw, dallas, texas, united states, 75385"
"879-87-311","cc694","jack","calderon","19760322","(631) 550-2167","4998 broad, las vegas, nevada, united states, 89116"
"411-11-391","f97f1b4302a","cruz","turner","19500524","(415) 934-9733","6303 dan ryan 18th st, fort lauderdale, florida, united states, 33956"
"203-11-711","ae91f0a","deangelo","leon","19480719","(214) 757-2199","1563 86th, garland, texas, united states, 75121"
"075-69-978","30034","dallas","marquez","19760303","(253) 467-9363","39 edward barron, san bernardino, california, united states, 92312"
"135-33-514","10cd6f8","bryan","oliver","19480715","(260) 621-7125","3679 liano, omaha, nebraska, united states, 68669 "
"124-39-825","043841b","frankie","romero","19570121","(479) 210-6111","4121 kirkland, milwaukee, wisconsin, united states, 53097"
"463-70-062","f70b0b30ecf6","tate","beach","19901123","(757) 167-7679","148 12th, topeka, kansas, united states, 66608"
"516-70-292","0a402dd","landyn","watkins","19860326","(980) 466-4061","4259 south water lower, orlando, florida, united states, 32857"
"081-87-922","e78ac","taliyah","gross","19730919","(913) 715-4562","7784 brighton, hollywood, florida, united states, 33049"
"377-59-477","bcfc917148f9","lawson","whitley","19410310","(857) 119-8525","3525 vincennes, new orleans, louisiana, united states, 70500"
"134-58-932","3eba6b62","yosef","hicks","19750821","(320) 155-2678","3322 northcott, hialeah, florida, united states, 33099"
"674-58-719","9cbf82","chase","melton","19920722","(404) 697-0951","1421 114th, springfield, massachusetts, united states, 01177"
"019-07-031","9f4185","javion","love","19531019","(432) 147-8874","6658 bowen, arlington, texas, united states, 76602"
"343-58-004","090885d36f2d","zara","terrell","19490623","(980) 938-7105","353 anson, modesto, california, united states, 95367"
"328-40-709","5ba7886","adelynn","mcgee","19410609","(878) 926-6905","1940 pryor, louisville, kentucky, united states, 40058"
"446-54-145","03c47331","rowan","pickett","19711229","(225) 919-6457","1813 fulton, peoria, illinois, united states, 61574"
"054-97-585","39c12be70b","annika","webb","19520729","(703) 403-5663","2941 albany, virginia beach, virginia, united states, 23566"
"744-82-388","7a7a5947f","makenna","mccormick","19940408","(435) 356-9424","4473 dan ryan ib stevenson, washington, district of columbia, united states, 20333"
"145-51-152","2c2d9a52f","mikayla","patton","19450904","(239) 631-5445","8362 eisenhower ashland av, kansas city, missouri, united states, 66550"
"610-85-194","a4e6440","gracelynn","munoz","19681113","(917) 768-4271","3408 austin av jfk, rochester, new york, united states, 14638"
"456-49-142","2b29e","kendyl","soto","19630722","(612) 340-9472","143 deming, honolulu, hawaii, united states, 96795"
"425-77-108","d83f3cd","tatum","mueller","19880206","(253) 769-2682","8426 victoria, alexandria, virginia, united states, 22241"
"660-50-685","97b47c0fc99","june","keller","19530102","(651) 329-8893","8470 hyacinth, kent, washington, united states, 98020"
"496-58-645","819019ab6ac7","madalyn","carter","19930626","(684) 625-8167","7160 minerva, springfield, missouri, united states, 65744"
"224-46-585","f2b779","kobe","valenzuela","19691109","(316) 485-0587","1356 wells, dallas, texas, united states, 75724"
"822-28-539","c9e4ac4b4c","aydan","williams","19901115","(413) 469-6932","9242 mann, philadelphia, pennsylvania, united states, 19462"
"120-27-686","3c0fda6ca7","emmalee","bryan","19571204","(608) 774-6673","953 oneida, dallas, texas, united states, 75985"
"121-23-833","a42df870fb","trystan","carter","19551226","(574) 242-3694","5672 hartland, fort lauderdale, florida, united states, 33525"
"311-09-854","1c24e644f7a","marilyn","burks","19850614","(253) 528-3191","3827 harvard, plano, texas, united states, 75534"
"581-45-680","c294aa5","colin","elliott","19940114","(424) 362-0704","83 i55 cicero av, st. paul, minnesota, united states, 55031"
"027-78-517","9c47a4d24df3","anya","mcfadden","19490502","(913) 550-1717","4435 eisenhower independence bl, santa ana, california, united states, 92621"
"129-45-883","723d46e","muhammad","powers","19461203","(747) 969-8638","5834 haskins, glendale, arizona, united states, 85076"
"175-20-553","79ea29ddec9","abdullah","gallagher","19730416","(541) 346-3897","4176 schiller, moreno valley, california, united states, 92583"
"428-07-081","8d6ba1","kyla","deleon","19900814","(317) 629-0635","4968 plymouth, shreveport, louisiana, united states, 71167"
"274-54-319","b6930","alexandra","valenzuela","19770617","(814) 910-4496","133 laporte, ann arbor, michigan, united states, 48194"
"889-48-264","081dd49d29a","raven","reese","19651116","(228) 494-2878","895 railroad, los angeles, california, united states, 90227"
"786-92-754","2b40212d2548","deborah","herman","19930708","(831) 803-8797","322 132nd, reno, nevada, united states, 89584"
"656-80-171","b31b79bca5b0","maya","collins","19780114","(432) 797-1318","4018 minnehaha, philadelphia, pennsylvania, united states, 19244"
"350-24-041","cee57e1b","princess","hughes","19680903","(503) 788-6449","5010 lucerne, louisville, kentucky, united states, 40528"
"342-24-581","de3c09","dalia","soto","19850513","(478) 206-8872","8650 wallace, jersey city, new jersey, united states, 07321"
"300-82-601","9bcb48","jasper","patel","19620308","(850) 736-6522","2304 legett, fargo, north dakota, united states, 58007"
"559-64-621","dea16","armani","snyder","19680826","(312) 186-8347","1042 la salle lower, huntsville, alabama, united states, 35893"
"792-45-161","5bddd88","benjamin","guy","19430917","(830) 791-5909","5427 lake, riverside, california, united states, 92567 "
"437-35-082","281276","hannah","leon","19591220","(253) 276-1195","447 somerset, santa ana, california, united states, 92620"
"881-78-512","dd81c","jaylyn","mejia","19860731","(774) 984-8174","3559 kingston, boise city, idaho, united states, 83168"
"803-77-818","bb0cf85504c","cristian","stevens","19601214","(949) 420-7805","9437 hollett, thornton, colorado, united states, 80224"
"323-23-870","daaede4a","demarcus","wallace","19710516","(762) 805-7455","5435 kennison, warren, michigan, united states, 48014"
"742-59-177","4c752c","anastasia","holden","19540427","(920) 226-9950","3845 i57 expy, portland, oregon, united states, 97282"
"029-42-733","a89bf1e7a5","kamden","mcpherson","19710709","(812) 377-8727","602 south shore, bakersfield, california, united states, 93949"
"060-58-553","8b7c06","marlon","solomon","19800624","(440) 191-8605","6331 hutchinson, chula vista, california, united states, 91936"
"326-21-808","34d9535ab6e","jagger","tate","19850114","(646) 710-1161","2311 knox, hollywood, florida, united states, 33019"
"270-64-332","4c5ded7b9b38","miles","thomas","19631014","(803) 855-5225","3405 drake, mesa, arizona, united states, 85329"
"513-24-008","1b898d","ella","hendrix","19431027","(503) 375-4093","9788 stephen a douglas, new orleans, louisiana, united states, 70508"
"755-34-999","1dabdc98d5f2","julien","burch","19941010","(434) 291-3403","4563 avalon, huntsville, alabama, united states, 35831"
"800-98-474","09a529c","keyon","hughes","19541209","(938) 293-5298","4778 mccook, fayetteville, north carolina, united states, 72778"
"503-14-542","8e29cd24a","dorothy","koch","19660908","(325) 538-4907","6014 haul, laredo, texas, united states, 78008"
"742-04-620","00b2e1f8818","alessandro","leonard","19400822","(470) 378-3778","8901 kennedy fullerton av, worcester, massachusetts, united states, 01639"
"648-40-930","171cf8","layton","blevins","19840211","(239) 841-9469","1616 eisenhower independence bl, jackson, mississippi, united states, 49235"
"842-70-504","7a64e50b","ally","doyle","19620714","(510) 243-0563","913 dowagiac, gilbert, arizona, united states, 85200"
"664-02-056","1f739bcc32cf","bryan","ewing","19710122","(779) 533-6057","3831 cleaver, laredo, texas, united states, 78082"
"049-63-828","701ffea516","journey","brennan","19420317","(458) 492-7420","5278 noble, joliet, illinois, united states, 60420"
"331-16-832","4a8e39","emmitt","dunn","19720226","(254) 546-4663","4567 canalport, rochester, new york, united states, 14610"
"672-75-467","dc6f8f41094","xzavier","cooke","19660420","(952) 417-4859","4186 n branch canal, madison, wisconsin, united states, 53142"
"612-45-762","17626","paola","sweet","19440712","(442) 211-8112","6414 wilson, miami, florida, united states, 33413"
"176-59-522","3c567d0","kaiden","case","19520716","(209) 381-6434","2279 32nd, oklahoma city, oklahoma, united states, 73976"
"692-27-490","8669d9","alivia","becker","19440804","(951) 757-0705","4689 hastings, laredo, texas, united states, 78013"
"720-48-915","64a8d67","enzo","underwood","19720726","(631) 718-9683","8957 hortense, irvine, california, united states, 92642"
"459-74-838","2ff1d","janiyah","spencer","19850407","(510) 345-2834","4364 eriksen, aurora, colorado, united states, 80028"
"800-13-950","2a50d2cffb","janiyah","pena","19540410","(903) 295-9858","8648 keeley, new york, new york, united states, 10723"
"176-89-493","8ca6cbb","nola","gamble","19540915","(732) 313-1890","9465 laflin, sterling heights, michigan, united states, 48318"
"797-66-452","8a33e14988d","brice","gallagher","19471228","(203) 160-1629","5054 kennedy monroe st, plano, texas, united states, 75088"
"172-48-632","d1d2dc1725fa","livia","grant","19821215","(219) 489-4899","9441 grand, augusta, georgia, united states, 30932"
"090-94-783","6110412bc40","kaelynn","kinney","19470509","(520) 321-4778","2130 gullikson, hialeah, florida, united states, 33038"
"620-38-769","035602573a3e","aden","barnes","19920324","(979) 754-6574","905 jackson, akron, ohio, united states, 44382"
"015-52-839","b91d5d7c17","keyla","frost","19660524","(856) 343-0568","8044 93rd, yonkers, new york, united states, 10757"
"819-59-202","bacfd41e8b8","brenton","summers","19741003","(603) 209-1113","5262 hobson, chattanooga, tennessee, united states, 37844"
"338-65-162","ce984557b4bb","ethen","eaton","19851110","(215) 188-0110","1363 sheridan, cedar rapids, iowa, united states, 52222"
"037-38-605","d339e","lucian","burris","19540204","(239) 438-2228","4316 luella, lexington, kentucky, united states, 405270"
"860-68-347","24d7e","zaiden","garza","19841024","(417) 717-4753","46 glenroy, norman, oklahoma, united states, 73022"
"670-30-908","7aba68739","talon","york","19470614","(864) 505-1302","5359 135th, akron, ohio, united states, 44387"
"200-66-288","32a03","miriam","george","19570213","(267) 789-7166","4466 chicago skyway indianapolis av, chandler, arizona, united states, 85222"
"265-70-759","db471a4506","kaylyn","beard","19800525","(616) 592-5264","7084 grand, richmond, virginia, united states, 23214"
"283-15-335","6937cfe02784","alanna","collins","19450516","(801) 609-2274","2811 lowerlevelt3, amarillo, texas, united states, 79114"
"889-30-782","7ac99a1e59","payton","bishop","19700129","(939) 916-6665","7309 stevenson ib lsd sb, bridgeport, connecticut, united states, 06687"
"772-08-308","fe7371c6","dorian","potts","19640729","(336) 725-1580","1852 east circle, columbus, georgia, united states, 31972"
"098-26-004","ad69204cce2","cason","vinson","19520703","(812) 635-2396","5168 119th, albuquerque, new mexico, united states, 87820"
"072-59-779","16882a26","gregory","mccarty","19610928","(520) 858-9126","50 drexel square, reno, nevada, united states, 89539"
"282-09-954","be0ed5dd51d7","liam","whitney","19510710","(240) 502-4589","9902 avalon, gainesville, florida, united states, 32607"
"156-83-591","3a40b","dorian","simpson","19530111","(425) 974-2833","884 irving park, cary, north carolina, united states, 27512"
"326-10-261","badc07","aryan","riddle","19830118","(512) 601-8416","7703 114th, scottsdale, arizona, united states, 85011"
"687-94-450","118f89e0532","tinley","small","19821004","(912) 269-4829","3421 lsd 18th dr, overland park, kansas, united states, 66278"
"047-46-208","03cff","kingsley","wright","19581217","(831) 434-8695","8588 justine, san diego, california, united states, 92763"
"374-06-305","79828cffd66","crystal","terry","19930214","(209) 260-4014","2557 kiona, joliet, illinois, united states, 60438"
"348-53-334","9c0cd77","brooklynn","ellis","19440724","(224) 113-7034","6405 north water, chattanooga, tennessee, united states, 37674"
"808-88-475","229d0528adb","rowan","bernard","19550529","(504) 757-6949","33 dan ryan 87th st, surprise, arizona, united states, 85301"
"022-07-566","be30d","rayne","boyer","19770830","(334) 439-4374","8698 oneida, tampa, florida, united states, 33812"
"418-33-931","ac186b496f","avery","french","19900215","(575) 415-2635","3358 kennison, alexandria, virginia, united states, 22275"
"323-29-992","4dc032119aec","liam","kelly","19910913","(580) 154-1502","157 linden, north las vegas, nevada, united states, 89363 "
"126-91-505","f0d869ad","brogan","ruiz","19870428","(484) 483-8337","4134 mcclurg, tallahassee, florida, united states, 32355"
"308-90-593","6fdae98efa6","virginia","castillo","19830816","(715) 549-9291","2764 huron, lubbock, texas, united states, 79492"
"774-52-067","a1dc619d","janelle","le","19480125","(513) 194-0432","5730 allen, hialeah, florida, united states, 33019"
"507-54-756","97e5b","amya","barnes","19480429","(503) 359-5214","3036 87th, fort collins, colorado, united states, 80514"
"336-86-753","d9f11565b","laylah","cruz","19730604","(805) 195-0441","2301 vernon park, oxnard, california, united states, 93040"
"337-71-227","2f3e43a32224","evelynn","carpenter","19731024","(479) 861-3526","5419 naval armory, aurora, illinois, united states, 60536"
"216-08-686","7b2edf8","adan","chambers","19440523","(309) 271-1281","6675 fielding, st. louis, missouri, united states, 63357"
"643-92-014","a2e7ac65012","raven","buckner","19910714","(831) 215-1333","4679 kostner, san jose, california, united states, 95355"
"782-02-583","279e18ad","lexi","blackwell","19631202","(760) 371-0321","991 lsd lawrence av, garland, texas, united states, 75808"
"449-87-843","615ee0","jonas","newton","19460627","(616) 362-1355","4546 54th, scottsdale, arizona, united states, 85053"
"254-20-543","4f42eaa001","blaise","nichols","19640808","(985) 221-2890","9929 cumberland, st. petersburg, florida, united states, 33772"
"241-86-910","4769e6b8b165","saniya","booth","19580430","(872) 428-7967","7434 walnut, elizabeth, new jersey, united states, 07280"
"749-67-548","fc363c","desmond","saunders","19900323","(614) 558-0038","7563 lotus, san diego, california, united states, 92913"
"226-06-086","27577fe","kiley","conley","19600905","(657) 441-1708","3482 warner, santa ana, california, united states, 92678"
"162-29-781","d604646ce","bryanna","bright","19891028","(803) 858-5168","2390 benson, des moines, iowa, united states, 50309"
"651-35-652","259d138531","amani","rose","19670512","(304) 672-9379","9651 lind, montgomery, alabama, united states, 36115 "
"416-13-100","c84b0","hezekiah","snow","19540630","(740) 271-6845","1721 garfield square, honolulu, hawaii, united states, 96430"
"179-63-940","c3f86244603e","samson","hopper","19751123","(843) 627-9831","17 ridgewood, murfreesboro, tennessee, united states, 37153"
"814-93-663","0906147","nikolas","hess","19880308","(207) 891-8863","2279 keystone, laredo, texas, united states, 78047"
"052-88-905","b8b91b6a","abbie","mays","19710417","(631) 296-7459","2499 churchill, naperville, illinois, united states, 60499"
"159-35-061","da2ab","harold","bennett","19710221","(843) 317-9713","9920 avenue m, birmingham, alabama, united states, 35007"
"860-17-858","f5515c83a3","millie","terrell","19930209","(513) 194-2616","8554 ontario, des moines, iowa, united states, 50361"
"031-64-738","a56504b","casen","stone","19560429","(816) 359-9089","7206 access, fremont, california, united states, 94528"
"680-60-117","36e806f","victoria","bowers","19531103","(708) 499-1627","5998 walnut, savannah, georgia, united states, 31349"
"822-35-944","d21c1aa3c","gabriela","jensen","19761023","(919) 305-4053","6832 leavitt, fort worth, texas, united states, 76032"
"367-40-523","92afed0c","evangeline","cantu","19681215","(772) 949-8717","8713 east view park, fort worth, texas, united states, 76285"
"346-71-751","c2e62","nixon","albert","19830815","(712) 599-5002","153 tom, baltimore, maryland, united states, 21335"
"569-15-044","e45e77","quinton","hanson","19430825","(408) 891-3510","5288 crest line, evansville, indiana, united states, 47715"
"739-92-043","12f0f","raina","mejia","19800113","(307) 743-8856","6316 moody, birmingham, alabama, united states, 35016"
"354-99-161","d0d8fc2","randall","palmer","19530124","(530) 854-6420","4159 39th, clarksville, tennessee, united states, 37035"
"689-14-805","7e4512","alaina","roman","19910212","(671) 744-0162","8088 i190, san antonio, texas, united states, 78312 "
"629-13-701","422ed9270","joe","harmon","19820725","(715) 194-3224","4623 stevenson ib lsd nb, west valley city, utah, united states, 84034"
"793-86-459","77a14e","louis","hayes","19830330","(409) 629-8219","5524 eisenhower austin bv, tallahassee, florida, united states, 32386"
"470-78-753","18b33","kiersten","pickett","19630824","(720) 624-3513","2859 136th, shreveport, louisiana, united states, 71176"
"807-18-855","0b6598","diya","mitchell","19600204","(317) 790-9809","5854 rose, chattanooga, tennessee, united states, 37847"
"367-30-413","f2b99c","ahmad","tillman","19510420","(707) 835-8061","6838 wilmot, hartford, connecticut, united states, 06173"
"132-19-743","ee49ed63987f","tori","pearson","19440514","(510) 934-6304","1392 lipps, provo, utah, united states, 84059"
"496-28-137","3d3ed5c","tommy","joyce","19500324","(617) 143-8870","3130 127th, oakland, california, united states, 94623"
"799-37-183","53b1a5318a","jeremy","gonzales","19800116","(831) 723-3288","7902 riverview, baton rouge, louisiana, united states, 70584"
"520-12-364","00d9d","clare","roberson","19790329","(620) 702-0215","9080 myrick, riverside, california, united states, 92514 "
"836-40-504","c70620","grayson","pickett","19780303","(909) 652-7614","8621 40th, new haven, connecticut, united states, 06532"
"620-30-699","87646c2c213d","nehemiah","norman","19420910","(951) 130-7437","9184 gole, jacksonville, florida, united states, 32065"
"480-36-928","d4c2cfc7","angelique","alston","19921221","(518) 276-1046","728 kennedy jackson bl, atlanta, georgia, united states, 30995"
"327-60-950","097861c06661","harrison","clarke","19480219","(404) 670-3994","9834 chicago skyway 73rd st, pittsburgh, pennsylvania, united states, 15253"
"593-31-690","ba7cf061b94a","alex","guzman","19660610","(561) 817-5520","1459 kamerling, sioux falls, south dakota, united states, 57007"
"509-98-289","ca9542e4","jasmine","spears","19520209","(781) 546-9457","3709 loop, allentown, pennsylvania, united states, 18185"
"649-99-747","3c99287fd09","drake","hurley","19550724","(862) 648-3868","904 94th, san bernardino, california, united states, 92336"
"755-70-005","275be6","francisco","mooney","19730516","(254) 503-9867","8431 kruger, garland, texas, united states, 75865"
"262-46-460","2aacf647","hailey","whitaker","19751010","(248) 918-6721","9941 i57 112th st, newark, new jersey, united states, 07135"
"725-82-311","e1bf4117bec","clay","norman","19420313","(347) 386-2791","3308 79th, north las vegas, nevada, united states, 89969 "
"818-31-136","1e6d602604be","keon","brock","19740831","(412) 601-0568","5315 stevenson ib dan ryan, manchester, new hampshire, united states, 03101"
"135-53-284","ed82e","bridget","osborn","19750121","(614) 826-1768","1744 columbus ramp, north las vegas, nevada, united states, 89412 "
"248-98-408","81a73d5","daniella","mcfadden","19420727","(503) 641-2311","9188 beverly, corpus christi, texas, united states, 78906"
"300-24-758","0ca23d","aileen","gilliam","19631231","(320) 842-4455","7838 99th, salt lake city, utah, united states, 84066"
"723-54-716","456a5","remington","barker","19411207","(607) 875-6934","4343 mies van der rohe, jackson, mississippi, united states, 49275"
"800-83-060","dbd3afb9","ben","gates","19890228","(909) 141-7573","2852 stewart, san jose, california, united states, 95658"
"640-37-004","66c94b62","natalia","waters","19450419","(231) 548-1942","8817 kennedy nagle av, columbus, georgia, united states, 31985"
"257-80-181","778d054ca","elias","clark","19910622","(317) 368-8228","9508 kennedy ohio feeder, spokane, washington, united states, 99240"
"515-66-222","2f3edeaec6","riley","kemp","19411101","(410) 849-2979","2554 lituanica, fremont, california, united states, 94538"
"612-13-333","2952e044282","shaun","mays","19580812","(856) 220-4779","6280 sanitary ship canal, augusta, georgia, united states, 30913"
"439-80-239","fc7e4","addilyn","snider","19680114","(319) 724-7311","2307 82nd, fremont, california, united states, 94532"
"601-85-958","774bf","payten","browning","19600625","(270) 943-2104","2369 beaubien, detroit, michigan, united states, 48431"
"647-88-346","3a7975a1c","sloane","romero","19400622","(440) 293-6624","8474 franklin, indianapolis, indiana, united states, 46861"
"671-70-132","0b7918","arielle","farrell","19400527","(847) 295-3088","926 winneconna, evansville, indiana, united states, 47732"
"366-66-909","fea9a4","aydan","thornton","19560722","(860) 352-1485","7413 vine, hialeah, florida, united states, 33011"
"151-76-637","731d4d6c68ec","enrique","hopkins","19930816","(701) 976-9039","6626 lowerlevelt3, oxnard, california, united states, 93073"
"082-81-638","24643a","bentley","jacobson","19440401","(631) 555-7681","2942 kenosha, cleveland, ohio, united states, 44152"
"747-33-308","02a89275a5bf","rylie","mcmillan","19640706","(813) 752-4242","7722 126th, denver, colorado, united states, 80575"
"728-52-429","ad31eb46","ryan","tyler","19870706","(337) 442-6346","4984 pine grove, st. louis, missouri, united states, 63347"
"475-66-607","929a8687bac","andrea","whitney","19550221","(814) 515-1696","9265 mccormick pl busway, greensboro, north carolina, united states, 27460"
"601-77-619","2cd2e61f","deanna","odonnell","19751126","(786) 137-6603","8151 33rd, plano, texas, united states, 75823"
"127-26-234","855643","fiona","shields","19541119","(774) 919-4422","3140 laramie, clarksville, tennessee, united states, 37013"
"848-52-750","1e334262","madalynn","duke","19881103","(774) 211-6059","9190 kennedy pulaski rd, baton rouge, louisiana, united states, 70151"
"756-20-711","a6d280a","ronnie","leach","19930605","(812) 349-1111","1658 lipps, worcester, massachusetts, united states, 01622"
"400-48-085","79b7e0e3bac","kaeden","roy","19680708","(386) 142-4717","1755 bishop ford expy, baltimore, maryland, united states, 21460"
"806-95-533","0a5a579c","kaia","kelly","19770408","(973) 524-0708","460 bonaparte, modesto, california, united states, 95359"
"265-97-981","19c61a18261a","ali","singleton","19760115","(812) 982-1457","3555 eisenhower independence bl, fort worth, texas, united states, 76161"
"847-55-737","938895fdf20","adele","branch","19511229","(570) 854-8303","9975 75th, durham, north carolina, united states, 27762 "
"322-13-293","0109ba02","elise","wade","19730921","(731) 547-9646","5531 brighton, san francisco, california, united states, 94101"
"871-01-366","f6173e77fd9","cory","calderon","19481227","(253) 101-6002","10 lightfoot, lakewood, colorado, united states, 80235"
"619-86-397","4df2941e6c3","jensen","joyner","19600710","(219) 682-3973","1894 bosworth, west valley city, utah, united states, 84013"
"213-70-446","3a0e1df40","lillie","kinney","19490604","(682) 783-6067","3565 oshkosh, seattle, washington, united states, 98733"
"369-76-713","0b55f80","selena","gilbert","19600615","(808) 328-4955","9638 muskegon, laredo, texas, united states, 78097"
"521-81-526","ff3764687fe6","lilianna","fowler","19880601","(747) 106-1106","5640 transit, jackson, mississippi, united states, 49279"
"884-59-916","0349596","guillermo","wells","19471030","(847) 846-9234","5581 coulter, norfolk, virginia, united states, 23584"
"229-37-766","cc5b42641b","masen","stewart","19630828","(620) 212-8683","3688 keene, nashville, tennessee, united states, 37883 "
"302-93-568","461b8601","morgan","schultz","19781128","(321) 608-1109","8834 francis, lubbock, texas, united states, 79675"
"094-99-562","0b617","janelle","wilcox","19590201","(920) 826-8471","327 merchandise mart, manchester, new hampshire, united states, 03109"
"277-19-591","72c88","kristen","cline","19570915","(563) 577-9918","7337 n branch chicago river, houston, texas, united states, 70689"
"285-67-617","f6a8bae349","miguel","english","19800916","(218) 202-1566","1277 urban, plano, texas, united states, 75929"
"257-88-485","2e94d7162","ariella","richards","19570621","(281) 176-2016","3276 lester, hollywood, florida, united states, 33055"
"419-11-405","3ac2defcfc12","keagan","yates","19700607","(860) 335-0680","2791 105th, raleigh, north carolina, united states, 27765 "
"289-52-380","7b94a67b","mary","francis","19591213","(262) 834-5757","2239 kemper, las vegas, nevada, united states, 89027"
"752-47-082","6574e","laila","mcbride","19400902","(951) 167-8664","4006 loring, norman, oklahoma, united states, 73029"
"122-93-037","e2ae648a","esmeralda","wise","19470124","(772) 804-5957","5272 bryn mawr av, new haven, connecticut, united states, 06533"
"402-85-220","01b44087752","dangelo","bush","19700430","(912) 281-3985","9873 haddon, kent, washington, united states, 98082"
"639-39-307","b12ad4a","jayce","manning","19401003","(209) 914-6244","289 mautene, houston, texas, united states, 70006"
"297-19-084","cb887eaab5","malcolm","trevino","19410909","(802) 495-0173","5432 holden, independence, missouri, united states, 64048"
"637-44-497","95bd8e838a","ronan","buckner","19900205","(681) 971-5227","7090 127th, long beach, california, united states, 90794 "
"474-39-567","b6c2de03e38","kendra","daniel","19531210","(434) 444-9178","5693 natchez, topeka, kansas, united states, 66651"
"153-72-687","684fb","lia","middleton","19590401","(786) 338-7296","6405 besly, santa ana, california, united states, 92631"
"775-44-540","9972292c485","ryan","christian","19921223","(919) 355-5962","8762 willow, plano, texas, united states, 75543"
"095-02-027","cac8e4","halle","fuller","19820814","(401) 311-7377","444 norfolk rr access, montpelier, vermont, united states, 05679"
"030-18-228","2a3b4","kendyl","green","19850705","(843) 410-7736","6001 loyola, fort collins, colorado, united states, 80540"
"888-02-339","69714d5ee25","joey","garcia","19810411","(512) 880-6381","8654 myrtle, north las vegas, nevada, united states, 89305 "
"522-28-377","be3214f53f4d","iker","hewitt","19670902","(504) 180-3798","1126 bishop ford stony island av, san jose, california, united states, 95870"
"295-44-468","a69ba03e","jasiah","burton","19930205","(419) 594-1228","8360 mont clare, st. petersburg, florida, united states, 33735"
"632-70-878","e1d31a319","katelynn","sellers","19640602","(719) 535-3286","4134 ohio feeder, olathe, kansas, united states, 66025"
"795-46-801","79b9a6cd8e","jeremiah","crawford","19820226","(772) 156-9143","7223 stevenson dan ryan ib, tulsa, oklahoma, united states, 74049"
"082-24-603","ae5bfc6e","teresa","lee","19780611","(404) 580-4020","7314 ford city, dayton, ohio, united states, 45391"
"222-33-081","7099d1c08a17","amari","hyde","19510117","(720) 804-8151","7521 wentworth, coral springs, florida, united states, 33088"
"429-21-854","7f2405de","karen","moreno","19821029","(239) 610-6996","9370 washington park, bakersfield, california, united states, 93878"
"745-64-563","b8910a","penelope","snyder","19420822","(248) 848-2995","4864 ozanam, los angeles, california, united states, 90948"
"784-62-063","b03eb","brandon","hughes","19591128","(234) 556-1122","1172 rundell, rochester, new york, united states, 14658"
"201-36-974","f566c","kellen","stephens","19791013","(812) 564-1863","8466 kamerling, surprise, arizona, united states, 85367"
"271-85-852","ad438be38d8","tate","holcomb","19881211","(504) 444-0402","5260 louise, charleston, south carolina, united states, 29403 "
"115-19-059","28587","callum","lowery","19410506","(617) 447-8235","5128 128th, moreno valley, california, united states, 92568"
"628-79-471","80a396","lilith","potter","19730725","(209) 649-4341","4960 keating, fontana, california, united states, 92385"
"781-96-220","876db3a35e","dominik","holder","19940423","(657) 688-2286","9871 8th, gilbert, arizona, united states, 85240"
"633-20-912","79afe","alexis","burch","19941129","(515) 689-5711","8508 ravenswood, west valley city, utah, united states, 84027"
"485-32-515","57b9ca04f1b","arlo","brown","19811115","(224) 597-3470","5651 avenue o, sacramento, california, united states, 95521"
"510-74-588","f5d7e758d68","todd","matthews","19910403","(772) 900-3775","9728 taft, houston, texas, united states, 70461"
"818-92-716","5a48d89eeb3","iris","gillespie","19870708","(573) 922-4501","7148 talcott, omaha, nebraska, united states, 68796 "
"178-95-680","9639b","belen","holt","19511127","(812) 386-7001","6914 rundell, little rock, arkansas, united states, 72148 "
"891-13-002","d326ad1b633","hallie","aguilar","19941214","(719) 239-1738","6084 edmaire, salem, oregon, united states, 97377"
"708-24-612","bcfada70a","dangelo","alvarado","19840417","(615) 116-7783","8191 roosevelt, peoria, illinois, united states, 61505"
"495-20-946","7f07f","jaron","mccormick","19930721","(432) 277-7253","861 stave, aurora, colorado, united states, 80006"
"689-96-063","442bb","larry","nixon","19420213","(928) 491-6682","4527 east river, fayetteville, north carolina, united states, 72791"
"790-40-503","12d054df5af7","caydence","baxter","19750310","(203) 254-8219","8734 thome, shreveport, louisiana, united states, 71156"
"729-84-439","a5bd07","anahi","hendrix","19530924","(515) 483-5681","4251 stevenson ib lsd sb, baton rouge, louisiana, united states, 70281"
"266-85-614","4f8916a43ab","isabela","fields","19470127","(747) 938-0902","8559 marketplace access, yonkers, new york, united states, 10758"
"778-23-053","307be6d1e17","jovani","clark","19920818","(779) 358-0572","3418 garfield square, madison, wisconsin, united states, 53542"
"220-50-521","285b14c83","carl","webb","19920105","(947) 782-1390","3925 121st, eugene, oregon, united states, 97414"
"359-63-501","b8942","alia","wallace","19860122","(234) 776-6498","5963 field, richmond, virginia, united states, 23242"
"129-76-178","b59f761","matthew","pacheco","19430420","(804) 115-3657","8782 midway airport lower, chicago, illinois, united states, 60157"
"881-60-562","3bd526f855","trevor","ryan","19921230","(313) 834-8954","9541 franklin, charlotte, north carolina, united states, 28294"
"204-49-264","cd5b36","karen","sellers","19740112","(805) 871-5705","9115 brodman, long beach, california, united states, 90701 "
"695-23-194","d48505b","josephine","carson","19810201","(772) 494-9152","1288 beach, irvine, california, united states, 92607"
"132-06-280","942ad6","rocco","ferrell","19411224","(684) 182-4317","4106 kennedy express, aurora, colorado, united states, 80043"
"272-19-930","b1bd1b","finnegan","brock","19630628","(219) 693-2737","58 karlov, evansville, indiana, united states, 47756"
"851-08-315","d82322","amalia","vance","19741126","(715) 378-9771","1911 dan ryan 87th st, charleston, south carolina, united states, 29405 "
"020-96-382","e48a135c29d","tyrell","mathews","19760421","(787) 552-9642","9388 lithuanian plaza, tempe, arizona, united states, 85083"
"615-04-950","a28c9","anya","doyle","19540727","(443) 557-5297","4163 kennedy augusta bl, bellevue, washington, united states, 98015"
"354-05-589","1555a7ec6f","riya","ramos","19410904","(907) 304-0702","5338 van buren, memphis, tennessee, united states, 38654"
"386-18-589","6a73dacc52a","lexie","garner","19570417","(920) 514-3935","7243 chicago beach, coral springs, florida, united states, 33016"
"043-08-404","2873614852","kyler","battle","19470429","(305) 481-3841","5971 best, columbus, ohio, united states, 43471"
"194-17-563","c2e0da2f8f93","jameson","mcleod","19441223","(619) 931-7968","6756 lakewood, scottsdale, arizona, united states, 85062"
"365-60-885","d33ea4fc44","lorelai","pena","19760517","(260) 573-6659","7714 33rd, philadelphia, pennsylvania, united states, 19065"
"167-13-504","6e4446d6d","kylan","collins","19650215","(314) 778-7336","2587 euclid, new haven, connecticut, united states, 06576"
"141-19-862","91b27","keon","bruce","19771215","(458) 261-0160","4651 oswego, baton rouge, louisiana, united states, 70449"
"802-77-953","937871","kolby","preston","19400825","(937) 225-3300","9028 esmond, independence, missouri, united states, 64089"
"462-74-178","5394f","sarai","avery","19871118","(925) 485-7990","1594 germania, jackson, mississippi, united states, 49279"
"338-77-068","9eafd07b","jordan","carlson","19720525","(662) 105-7639","2346 mt prospect, los angeles, california, united states, 90843"
"460-34-873","2c4cf81e12","teagan","madden","19400904","(308) 856-0299","8040 page, st. louis, missouri, united states, 63610"
"165-86-814","799d7465","blaze","waller","19871110","(929) 234-9300","3742 luna, el paso, texas, united states, 79308"
"676-32-064","5e88a6","mia","roach","19940324","(413) 306-0500","4121 moselle, fargo, north dakota, united states, 58048"
"456-20-294","fbc39","aden","estrada","19621202","(925) 289-3349","1207 dan ryan i57, rochester, new york, united states, 14611"
"110-22-080","118f15","damaris","moss","19520607","(980) 509-5011","6995 grady, philadelphia, pennsylvania, united states, 19085"
"464-12-493","113415","henry","bass","19730412","(417) 834-6055","983 bellevue, peoria, arizona, united states, 85379"
"060-81-547","aed49bd29d","arjun","randall","19631126","(980) 259-8698","8233 134th, st. petersburg, florida, united states, 33719"
"542-06-698","11be825","yasmin","franco","19510208","(908) 571-2088","2613 gale, hialeah, florida, united states, 33029"
"337-35-872","0fef18","alayah","pittman","19811025","(802) 442-6307","4078 sheffield, huntsville, alabama, united states, 35836"
"156-65-558","70268","millie","vance","19461213","(478) 777-5987","7872 tonty, arlington, texas, united states, 76359"
"131-15-637","71b645","riley","paul","19690903","(203) 302-1648","2752 avenue n, bakersfield, california, united states, 93825"
"651-26-649","c56f4ebc83a","antonio","emerson","19460519","(234) 945-2155","210 bowen, plano, texas, united states, 75649"
"281-95-892","fea3be46e5f","brysen","riggs","19780124","(210) 996-4547","6692 bessie coleman, anaheim, california, united states, 92873"
"211-44-329","71d9c14","nikolai","albert","19810302","(872) 727-1929","8636 leavitt, allentown, pennsylvania, united states, 18161"
"222-51-662","e7cb29d3ce9","elian","bridges","19710125","(774) 913-2496","3897 harrington, eugene, oregon, united states, 97402"
"675-60-564","a6ef4f65","fatima","drake","19570704","(304) 480-6202","1916 leoti, modesto, california, united states, 95339"
"401-09-438","e9d48","stefan","noble","19690216","(781) 660-4311","4370 loop, cleveland, ohio, united states, 44357"
"512-56-061","a8337","irene","robinson","19500119","(848) 112-6260","8964 coulter, new haven, connecticut, united states, 06528"
"009-15-594","03aa3f2","rudy","mayer","19740422","(573) 555-9366","8554 belden, columbus, georgia, united states, 31903"
"022-19-494","7850d66254","reed","roberson","19820719","(747) 933-3241","8015 stony island ext, baton rouge, louisiana, united states, 70508"
"276-80-176","b3fcb217afd","nadia","sweet","19630313","(970) 730-7318","3712 caldwell, coral springs, florida, united states, 33074"
"360-02-264","8497842a73","braelyn","myers","19730516","(432) 201-7950","9980 45th, reno, nevada, united states, 89574"
"420-11-919","e6e2db","kayden","tyson","19821118","(412) 129-9272","6949 stockton, omaha, nebraska, united states, 68643 "
"634-67-311","a377958e3ca3","andrew","silva","19881207","(972) 195-1913","8453 mobile, albuquerque, new mexico, united states, 87765"
"290-92-452","8c2fb1a33e","bronson","conley","19770113","(219) 297-2532","3497 23rd, toledo, ohio, united states, 43952"
"316-36-906","c439935","kaitlin","jones","19691101","(806) 171-5587","5054 grace, lansing, michigan, united states, 48800"
"526-89-022","83e52e77e7b5","harlow","norman","19650613","(762) 997-7761","5541 minnetonka, joliet, illinois, united states, 60495"
"260-53-029","b8a3484ce3","kelsie","russo","19841112","(219) 652-1414","1998 oglesby, omaha, nebraska, united states, 68730 "
"233-53-345","ad6387","emery","frederick","19590206","(907) 948-4273","9340 paxton, elizabeth, new jersey, united states, 07238"
"637-92-137","a1d328e9be8","kristian","lott","19480301","(979) 687-4652","3819 ford city, norfolk, virginia, united states, 23595"
"144-84-216","2385955dcd","masen","gilbert","19691024","(601) 434-1208","2881 schilling, clarksville, tennessee, united states, 37060"
"126-80-871","2362c","nayeli","valdez","19400719","(651) 993-4139","1509 cityfront plaza, toledo, ohio, united states, 43642"
"561-64-642","cd451","kylah","porter","19481104","(865) 883-9287","4385 kennedy madison st, alexandria, virginia, united states, 22238"
"825-24-168","1506468f833","jean","allen","19450131","(972) 678-9841","3390 newcastle, fargo, north dakota, united states, 58070"
"254-29-007","64dc10f2c9","xzavier","shannon","19930419","(904) 812-3603","1053 stevenson ib lsd nb, denver, colorado, united states, 80866"
"507-06-963","dde14cb8","dayton","knox","19570324","(816) 972-0597","4593 franklin, paterson, new jersey, united states, 07556"
"465-17-032","1ef72108","branson","lindsey","19631007","(910) 717-1020","7398 merchandise mart, fort worth, texas, united states, 76238"
"751-32-587","cb1f72","veronica","cervantes","19910427","(513) 610-1093","830 clover, norfolk, virginia, united states, 23519"
"404-11-774","06701eded6","kailee","pearson","19411109","(334) 709-8042","408 eisenhower austin bv, aurora, illinois, united states, 60567"
"846-37-810","c7bb479003","messiah","potter","19460521","(731) 244-8058","2863 ozark, little rock, arkansas, united states, 72108 "
"108-91-527","de9b4ca22","natalia","farmer","19700627","(610) 218-3861","1950 wendell, jackson, mississippi, united states, 49263"
"735-29-073","8ec4348f","keith","thompson","19930317","(786) 981-0928","5825 anson, san bernardino, california, united states, 92395"
"036-62-938","c10f17","annalise","oconnor","19440828","(618) 299-9002","4166 eisenhower austin bv, lansing, michigan, united states, 48819"
"733-21-715","d255da","peter","carroll","19680916","(351) 481-8820","429 north water, buffalo, new york, united states, 14230"
"074-59-554","38e4fc9","ashlyn","decker","19470416","(325) 327-3853","4012 69th, tallahassee, florida, united states, 32300"
"749-29-630","29e39d97c94c","damarion","compton","19580128","(920) 117-1327","1862 west end, grand rapids, michigan, united states, 49548"
"440-28-141","6aaeb8c7dc27","callie","mccarthy","19760807","(872) 880-0774","244 galewood, buffalo, new york, united states, 14284"
"815-38-503","fc7cc2","leonardo","avila","19730619","(940) 663-5301","4401 dr martin luther king jr, las vegas, nevada, united states, 89886"
"277-43-102","8c64f84","jayla","delgado","19580822","(919) 219-1370","4729 university, wichita, kansas, united states, 67055"
"025-18-975","2d1e587a29","selena","adkins","19631206","(209) 365-4359","6217 lituanica, sioux falls, south dakota, united states, 57003"
"545-32-946","62f4b26ca","savannah","hurley","19441103","(205) 429-5136","5138 tan, chattanooga, tennessee, united states, 37782"
"050-35-340","82ddb1","rayne","wade","19930428","(404) 578-1143","1522 104th, spokane, washington, united states, 99269"
"507-91-665","3b5fd749","zion","melton","19560520","(762) 959-6024","1382 best, stamford, connecticut, united states, 06924"
"554-89-348","de5f49","guadalupe","burke","19850506","(785) 374-7320","8369 overhill, austin, texas, united states, 78275"
"347-86-167","f2c5d1","sharon","noble","19651022","(940) 613-6898","8197 jean, columbia, south carolina, united states, 29020"
"136-72-272","efbbdc","julia","powell","19620801","(405) 209-9329","1174 dan ryan 35th st, north las vegas, nevada, united states, 89708 "
"363-70-381","32d7121b232","andrew","sweeney","19800228","(817) 738-7994","3883 kenwood, reno, nevada, united states, 89550"
"704-81-464","c0b8971f","melanie","garcia","19551118","(832) 778-7697","7996 lockwood, thornton, colorado, united states, 80294"
"562-18-833","f59f7184","allen","morse","19920612","(940) 501-0123","2974 dan ryan 95th st, winston-salem, north carolina, united states, 27125"
"655-91-137","86904d276d3f","sanaa","lott","19700628","(573) 407-9926","9759 kennedy ontario st, reno, nevada, united states, 89528"
"133-72-017","c7c302","miah","hunter","19921225","(903) 624-0334","790 washington park, hampton, virginia, united states, 23656"
"225-39-179","d6e525bf279","raelynn","miller","19590222","(201) 587-5328","3315 wentworth, cleveland, ohio, united states, 44054"
"124-81-826","bc053c439c","kenley","welch","19920311","(641) 893-1394","8452 kildare, allentown, pennsylvania, united states, 18137"
"656-57-900","49df12b88","antonio","glenn","19560822","(404) 293-2095","7631 hazel, akron, ohio, united states, 44311"
"884-11-212","67813ec865d7","molly","foreman","19500719","(331) 433-0496","7886 onarga, new orleans, louisiana, united states, 70681"
"010-52-182","ec3072de886","jude","simon","19400228","(302) 274-4398","1211 neola, eugene, oregon, united states, 97440"
"449-61-516","f8e17e036be5","aron","mcintosh","19920928","(803) 915-7790","8300 dan ryan ib franklin ext, toledo, ohio, united states, 43016"
"076-80-820","0b5c4cb70","tessa","cantu","19561228","(619) 214-3748","681 washington, st. paul, minnesota, united states, 55069"
"369-84-234","022c237364","addisyn","tran","19881114","(512) 696-3069","9972 46th, riverside, california, united states, 92513 "
"821-19-926","112992","daniel","bernard","19940124","(404) 255-1563","318 streeter, kent, washington, united states, 98089"
"009-42-624","ac4ecde42f6","bryn","lindsey","19460708","(704) 234-4460","9645 bell, chandler, arizona, united states, 85259"
"329-66-570","f784c","howard","vaughn","19590316","(424) 970-8694","5280 upperlevelt2, savannah, georgia, united states, 31323"
"805-33-271","64d4fe8e","beckett","noble","19880618","(541) 516-3328","2113 rice, gilbert, arizona, united states, 85220"
"702-91-037","a45a2ff","naomi","witt","19461117","(832) 709-8048","517 houston, montpelier, vermont, united states, 05686"
"410-65-842","a3edeba7","makenzie","sloan","19600403","(779) 752-1960","7502 i55 kedzie av, huntsville, alabama, united states, 35861"
"334-40-866","27af62c70","zariyah","mccray","19411015","(260) 794-7634","6434 commercial, arlington, texas, united states, 76582"
"730-02-447","717f4bb0","hana","humphrey","19431123","(563) 814-4003","9998 ellis, oakland, california, united states, 94488"
"640-26-152","f456ab0dc9df","miles","newman","19720907","(539) 592-7571","2304 brayton, chula vista, california, united states, 91902"
"604-27-729","8a3d3ae","kimber","joyner","19580226","(641) 100-6114","7667 hanson, denver, colorado, united states, 80948"
"175-26-364","ad5307f2f521","mckayla","wilson","19480926","(805) 908-7301","5356 mies van der rohe, dayton, ohio, united states, 45391"
"598-74-764","6dabc047a2c","jada","adams","19430701","(407) 834-7518","852 peoria, paterson, new jersey, united states, 07588"
"186-21-992","8e7fc9d","dexter","williamson","19460123","(404) 238-0066","5547 dan ryan 71st st, fontana, california, united states, 92335"
"561-33-405","f0093e32237c","cherish","santiago","19790814","(360) 374-2871","7440 eastwood, alexandria, virginia, united states, 22294"
"213-20-221","cf3e5","riley","koch","19570319","(786) 567-6604","8073 merrion, mesa, arizona, united states, 85805"
"026-50-124","93040ce2abb8","damari","burgess","19410323","(351) 373-7105","4152 richards, los angeles, california, united states, 90494"
"281-64-438","c16f9973","lina","munoz","19720820","(970) 663-9895","3043 kinzua, des moines, iowa, united states, 50383"
"084-10-524","4de5acacd","jaylon","bowman","19430224","(858) 685-8703","1176 keeley, denver, colorado, united states, 80518"
"470-44-068","6ec1b0d3","addilyn","west","19480126","(410) 688-4801","6422 bishop ford i57, bridgeport, connecticut, united states, 06689"
"501-77-791","ef945ff0","john","noel","19870119","(276) 443-6161","5449 commodore whalen, salem, oregon, united states, 97372"
"441-28-342","a554bfbab6d","franklin","lowe","19430923","(513) 137-9071","3294 dante, cary, north carolina, united states, 27516"
"266-49-207","28cc6a574","emery","webb","19750919","(671) 283-1508","658 edward, orlando, florida, united states, 32813"
"109-15-778","692e9006ec0","hadassah","mcdaniel","19800908","(856) 575-8227","7002 hirsch, aurora, illinois, united states, 60505"
"168-71-732","a8fac464cc","rolando","mendoza","19551027","(919) 775-1007","2322 railroad, albuquerque, new mexico, united states, 87759"
"334-30-096","298a627","cedric","hopper","19830806","(847) 323-1890","8062 naples, oakland, california, united states, 94161"
"072-44-322","ea30994c9","braeden","sears","19640101","(636) 138-2474","4095 sedgwick, mobile, alabama, united states, 36651"
"550-20-500","e4a983","brayan","hebert","19721222","(352) 953-8675","8518 52nd, santa ana, california, united states, 92645"
"137-55-572","4844be","gage","wilder","19680626","(907) 351-3929","9017 isham, colorado springs, colorado, united states, 80850"
"865-13-252","b08b6d8","arlo","vega","19630916","(201) 387-6304","8726 wicker park, greensboro, north carolina, united states, 27401"
"262-52-353","8d692c54f4f","messiah","bradshaw","19591027","(251) 731-9672","2963 burnham, st. petersburg, florida, united states, 33720"
"327-76-712","25a0c75","vivian","paul","19801211","(941) 544-6703","1411 cottage grove, fayetteville, north carolina, united states, 72738"
"529-60-642","eba9d2d874ef","kiersten","crawford","19580206","(708) 812-3812","3092 randolph sub, hampton, virginia, united states, 23617"
"499-82-182","a44c51303dd","leanna","hull","19860120","(732) 429-4346","4387 leoti, lansing, michigan, united states, 48827"
"197-60-055","61b1b","sofia","reynolds","19790511","(617) 717-3868","9776 kennedy monroe st, huntsville, alabama, united states, 35837"
"783-95-362","cf09bd352685","juliet","stark","19520106","(862) 610-4228","832 chester, stockton, california, united states, 95175 "
"479-12-361","c7af2577f5b","daisy","camacho","19660117","(475) 654-6425","6353 albany, olathe, kansas, united states, 66082"
"199-93-630","b47fa5","gunner","pitts","19771103","(903) 236-2281","7282 mendota, clarksville, tennessee, united states, 37076"
"027-30-497","e016f","chaya","patton","19660113","(469) 549-8334","1409 ainslie, arlington, texas, united states, 76710"
"030-90-206","1b574f","arielle","sherman","19600403","(458) 116-9171","9847 humboldt, chattanooga, tennessee, united states, 37999"
"293-69-295","3b64f416","emmett","tanner","19430926","(762) 671-4113","6090 eriksen, allentown, pennsylvania, united states, 18112"
"659-04-394","0a6a68f758eb","nina","anderson","19560125","(512) 691-5123","6066 sanitary ship canal, reno, nevada, united states, 89587"
"522-38-786","d067b","soren","bowman","19890321","(304) 494-6186","546 hawthorne, oklahoma city, oklahoma, united states, 73996"
"326-93-547","3c2e0e","jairo","calhoun","19450411","(561) 776-7574","6663 oxford, laredo, texas, united states, 78024"
"114-61-672","55029","greyson","boyd","19870719","(616) 312-2883","5469 north branch, plano, texas, united states, 75786"
"071-21-492","10a4072","easton","henry","19860601","(715) 857-8799","666 dan ryan eisenhower, raleigh, north carolina, united states, 27168 "
"035-22-579","88e07","corinne","mcintosh","19700422","(936) 768-0564","6304 65th, cedar rapids, iowa, united states, 52229"
"833-70-842","730d04ec7","mariam","kramer","19870223","(939) 297-9210","1669 irving park, lubbock, texas, united states, 79197"
"060-07-520","a062e824","ruby","vincent","19540714","(573) 963-1598","3998 cullom, sacramento, california, united states, 95086"
"134-01-359","ca9384","makai","hodges","19691117","(701) 498-7729","3390 cyril, clarksville, tennessee, united states, 37019"
"337-08-638","31a86539","elsie","bradshaw","19530421","(917) 240-7000","233 canal, irvine, california, united states, 92667"
"607-96-178","eae4de45","clarissa","richards","19901119","(541) 907-7613","2427 ferdinand, baton rouge, louisiana, united states, 70029"
"319-77-455","dc3562","alaina","fleming","19490331","(585) 928-6866","7342 avenue h, naperville, illinois, united states, 60421"
"675-72-074","e4ff1","carson","oliver","19931105","(787) 345-3124","7914 damen, milwaukee, wisconsin, united states, 53895"
"584-03-715","c5596830859","clay","franks","19910927","(517) 597-0543","9486 dan ryan marquette rd, surprise, arizona, united states, 85387"
"294-12-429","f1a8bcc7e0","claire","bailey","19540616","(856) 266-6534","4612 lunt, fresno, california, united states, 93522"
"021-83-408","b23c64","ally","jackson","19800301","(256) 187-6626","1746 42nd, coral springs, florida, united states, 33015"
"427-86-490","c995c651","luciano","ryan","19730915","(424) 260-5879","5480 dan ryan roosevelt rd, chandler, arizona, united states, 85260"
"518-89-977","5a86f","ralph","hughes","19550702","(325) 521-0378","8144 sanitary ship canal, santa ana, california, united states, 92698"
"635-74-128","9647b00d6c5","eva","workman","19731116","(843) 678-3823","1986 brayton, bellevue, washington, united states, 98044"
"897-49-058","612c23","aryanna","villarreal","19870609","(918) 247-9095","7819 kostner, fort lauderdale, florida, united states, 33595"
"067-90-398","3d000d66","trevon","dickerson","19470129","(505) 649-8438","5658 markham, philadelphia, pennsylvania, united states, 19254"
"143-88-229","fc50bab85193","romeo","fowler","19860721","(952) 739-1806","4351 dan ryan ib canalport av, houston, texas, united states, 70312"
"535-89-742","65677d901a4","eliana","britt","19450820","(847) 968-8286","9329 randolph sub, newark, new jersey, united states, 07123"
"896-29-627","74d73325c1a","aisha","perkins","19840320","(919) 132-8796","4330 ontario feeder express lanes, clarksville, tennessee, united states, 37022"
"006-75-103","fbf99629","miya","mayer","19821123","(915) 631-6167","677 ritchie, dallas, texas, united states, 75104"
"289-51-026","984cc197cd0","nylah","turner","19700204","(412) 374-9826","6117 normal, hialeah, florida, united states, 33011"
"784-86-735","896c26775621","emmy","figueroa","19760329","(228) 554-4451","1677 oconto, grand rapids, michigan, united states, 49587"
"704-28-937","3925ad616d3","zane","harrington","19410630","(804) 388-9478","3634 9th, tucson, arizona, united states, 85816"
"540-22-980","dc5d3","kelvin","duffy","19520812","(331) 205-5831","9909 norwood, boston, massachusetts, united states, 02974"
"176-63-541","52247c1b28","emery","perez","19751003","(773) 209-6298","5924 26th, spokane, washington, united states, 99251"
"739-83-219","5dbb0","bruno","ferguson","19861226","(513) 869-1345","8488 wood, new haven, connecticut, united states, 06578"
"845-72-855","7b8a4134b","brooklyn","dejesus","19570326","(336) 228-8583","894 north branch, garland, texas, united states, 75864"
"682-07-630","16415c982","america","jimenez","19941020","(989) 298-1158","1212 bross, shreveport, louisiana, united states, 71187"
"694-11-184","ac695a8","kendall","knapp","19661127","(480) 953-8587","8293 mcclurg, fargo, north dakota, united states, 58045"
"713-77-501","cb50e30762","mike","norton","19491105","(712) 667-8038","9136 gale, oklahoma city, oklahoma, united states, 73831"
"599-71-228","50571464ff","lilian","carlson","19820203","(610) 660-1555","9485 91st, joliet, illinois, united states, 60490"
"620-22-592","18a6006d2d","kolby","frederick","19500624","(570) 244-3544","9443 riverdale, oakland, california, united states, 94825"
"221-76-393","df6ca7","dominic","york","19420718","(907) 930-5872","8666 everett, columbia, south carolina, united states, 29048"
"875-29-333","66a7a1","addison","cleveland","19700929","(484) 342-0029","9071 packers, boston, massachusetts, united states, 02596"
"658-27-619","408f17c8","giovanny","whitehead","19660830","(920) 177-7774","2239 kennedy washington bl, denver, colorado, united states, 80597"
"289-17-208","3942c2e","lilyanna","frye","19670115","(979) 523-5760","3284 matson, charleston, south carolina, united states, 29405 "
"104-17-847","243cb8","aliyah","mcdonald","19791028","(336) 457-2780","8297 bloomingdale, st. petersburg, florida, united states, 33709"
"573-66-567","18bca8","ismael","chapman","19911102","(662) 544-9164","1653 fair, memphis, tennessee, united states, 38622"
"723-27-052","3562647906f0","matias","frye","19590418","(340) 824-8609","9740 fullerton, provo, utah, united states, 84062"
"730-31-961","a6f442ed8","braelynn","battle","19400623","(918) 814-7639","9565 medford, evansville, indiana, united states, 47781"
"039-30-023","6830cb036","jamison","maxwell","19480313","(215) 699-8875","6103 baldwin, kansas city, missouri, united states, 66900"
