"technician_ID","password","name","surname","date_of_birth","laboratory_code"
"200","7c5e13","dayton","bolton","19731201","LAB378"
"201","e0890ba72b","kameron","griffin","19921229","LAB340"
"202","b494a2","kason","campos","19431105","LAB112"
"203","c3345","emerson","duncan","19850819","LAB377"
"204","357ab","agustin","mayo","19450504","LAB668"
"205","0c0e1f004690","kasey","bond","19610719","LAB942"
"206","fc9bd4f4e567","griffin","waters","19621029","LAB541"
"207","a1f86","hayes","blackburn","19660301","LAB540"
"208","f5c0501","yaretzi","finley","19401116","LAB870"
"209","a1efaf2","cecelia","valencia","19850623","LAB765"
"210","3407aa","ronnie","roy","19820421","LAB858"
"211","1e077","elise","rosa","19400426","LAB847"
"212","239b8e886","sofia","adkins","19850817","LAB830"
"213","d18c8","edgar","booth","19710204","LAB795"
"214","aba24e93508a","kaliyah","roman","19920913","LAB234"
"215","078bf","cruz","britt","19940109","LAB053"
"216","2e86286846","ellis","spears","19470131","LAB151"
"217","48d8851","claudia","howe","19680127","LAB008"
"218","9f60b61b6227","bentlee","valenzuela","19740414","LAB962"
"219","7bcdc749","braden","joseph","19881218","LAB316"
"220","7d214b","linda","wooten","19680610","LAB553"
"221","bc8200","jamari","richardson","19410809","LAB424"
"222","83926eb7a211","oliver","solis","19890728","LAB185"
"223","8a437d2d","londyn","fleming","19910625","LAB962"
"224","ead052a","riley","vazquez","19880417","LAB565"
"225","3c268f","kaylyn","andrews","19580621","LAB192"
"226","a8401dc50390","neveah","howard","19811212","LAB133"
"227","aefea50","jonas","mccormick","19660524","LAB518"
"228","c8909136ddb","chad","hudson","19821120","LAB593"
"229","5a38a0","jonathon","deleon","19911112","LAB997"
"230","cd830fe77c","seamus","cardenas","19611224","LAB966"
"231","6ed7df2681a","samara","frank","19411103","LAB249"
"232","026021e8","lexi","russell","19470512","LAB815"
"233","0ee8d","griffin","fox","19500823","LAB199"
"234","41944d","aubri","clemons","19431222","LAB566"
"235","29517cc1d28","ashlynn","kirkland","19511115","LAB232"
"236","382625","curtis","frost","19600808","LAB592"
"237","ecfef9257","alice","mann","19490522","LAB986"
"238","35978","jazlyn","bird","19760228","LAB492"
"239","601be7754","preston","gilliam","19590315","LAB617"
"240","0a80c098","edwin","baker","19570722","LAB653"
"241","0032f6d1d91","alisson","carey","19400316","LAB632"
"242","b56cc27","britney","drake","19810813","LAB084"
"243","4a045","kaitlin","craig","19830118","LAB470"
"244","b9d23a69577","amber","logan","19791028","LAB342"
"245","5f2285","haleigh","oconnor","19890803","LAB874"
"246","869832","willow","barron","19850825","LAB329"
"247","523afd","sylas","sanchez","19610810","LAB140"
"248","f10195f2","freddy","nicholson","19590802","LAB304"
"249","25ca88","isabell","hoover","19430717","LAB630"
"250","8459f44a","graham","harding","19600826","LAB175"
"251","9795c3","samuel","bond","19710414","LAB538"
"252","b8785e0a1","nathaly","reynolds","19441203","LAB237"
"253","8379d3cba73","liberty","gentry","19521122","LAB926"
"254","9e2122c","lance","montoya","19740910","LAB415"
"255","a944ef","milo","gregory","19680620","LAB227"
"256","a937aa1","elsa","gallegos","19550701","LAB473"
"257","dabf1d8","lilah","ruiz","19930226","LAB714"
"258","4b2ed68","emmalee","hayden","19520605","LAB559"
"259","aadee882","brendan","copeland","19810724","LAB564"
"260","1d7bd","mae","galloway","19460130","LAB886"
"261","e09ec061","darryl","shepherd","19690422","LAB977"
"262","112ac71dd","arielle","pennington","19580819","LAB334"
"263","1bc3b33f3","hank","delacruz","19870915","LAB419"
"264","dd83d372530","brayan","perry","19531229","LAB617"
"265","2eae986","bryce","george","19710409","LAB084"
"266","e46ce5d","kaia","crane","19480407","LAB252"
"267","c2712100","kylan","stephenson","19650418","LAB656"
"268","4ced2b3","braeden","taylor","19460516","LAB598"
"269","336f6ae5a89e","kaya","cline","19490122","LAB126"
"270","53b516d3","morgan","winters","19581125","LAB186"
"271","0705432a6","lawson","bowen","19811115","LAB166"
"272","4eb66d8","odin","johns","19611123","LAB573"
"273","d38d276cffe","gisselle","kerr","19400720","LAB966"
"274","16182084","fernando","riley","19741004","LAB939"
"275","52dc797bc9","rowan","cote","19710113","LAB813"
"276","45df4a","zion","mendez","19870617","LAB657"
"277","9d20657a4","markus","carson","19620429","LAB202"
"278","e282ea5b5","braylin","fowler","19750126","LAB125"
"279","5967f","tucker","beck","19490722","LAB657"
"280","edb22cc661c","parker","lane","19730407","LAB273"
"281","f880b8a7e","ellie","mendoza","19940416","LAB950"
"282","8c8f1","andres","delacruz","19660430","LAB449"
"283","afd3c75","maximilian","powell","19770718","LAB064"
"284","f056b2c","mathew","ortega","19540321","LAB398"
"285","2ee403a1e","damien","church","19410217","LAB435"
"286","c94d4d74b31","jared","howell","19590222","LAB206"
"287","9d248819a","brycen","wong","19560819","LAB972"
"288","7c3f3","makenna","sherman","19580803","LAB359"
"289","2a6a3c55749","madeleine","oneal","19500105","LAB666"
"290","f10a592","soren","knowles","19640712","LAB415"
"291","2b642450","jaylee","patton","19841013","LAB899"
"292","7fa51cc0d","tiana","fischer","19530208","LAB798"
"293","f40a7157","dylan","padilla","19550922","LAB113"
"294","496ef","mitchell","morrison","19571225","LAB301"
"295","4b9039c","ari","delaney","19870429","LAB120"
"296","64c29","trace","york","19721003","LAB828"
"297","07d5c96d85","malcolm","turner","19790910","LAB918"
"298","71598c","brennan","ramos","19901202","LAB814"
"299","6e252dc9d","river","joseph","19880726","LAB004"
"300","642acc92","nevaeh","vega","19851225","LAB697"
"301","e5741da16a1b","brantley","washington","19560824","LAB338"
"302","ba78ad","karma","odom","19501210","LAB412"
"303","928e2253","brittany","howe","19480724","LAB984"
"304","cb5aa945e3f7","ali","davidson","19910107","LAB495"
"305","e1db2","deacon","read","19580823","LAB898"
"306","36f50462262","gage","mcmillan","19940727","LAB068"
"307","890b54","benton","schmidt","19570211","LAB857"
"308","ad9d2","brice","harrington","19670224","LAB330"
"309","186765","barrett","mitchell","19800118","LAB147"
"310","9f7cb96f6","raegan","mccullough","19931115","LAB513"
"311","001a928ced9b","zariah","garcia","19471008","LAB672"
"312","32c47601","ashtyn","kennedy","19520308","LAB011"
"313","00e9f2649af2","zain","allen","19931016","LAB567"
"314","d6bcbecea2f7","cali","spence","19661225","LAB497"
"315","5def1f25","adrien","hoover","19760721","LAB643"
"316","ba304687c67b","karson","mcgowan","19480201","LAB388"
"317","1e37f614","braeden","mcconnell","19810417","LAB584"
"318","41755f2","keith","farrell","19770504","LAB190"
"319","321f6cbed","nevaeh","singleton","19450703","LAB146"
"320","1b38d","braylee","bright","19810421","LAB442"
"321","1a0101d8ddd","mathias","willis","19791225","LAB650"
"322","aa8bc409432","anastasia","carrillo","19550112","LAB506"
"323","6da29e","carlee","porter","19820819","LAB034"
"324","a1289ec5938a","juliana","baird","19511107","LAB712"
"325","5d16d7da8df8","anne","albert","19740728","LAB021"
"326","ee74d","westin","reilly","19770424","LAB426"
"327","25ea0","kali","dawson","19730525","LAB468"
"328","077c2298f5f","miriam","carrillo","19830210","LAB814"
"329","0838493","cesar","kaufman","19631103","LAB894"
"330","3fac6","colton","justice","19410914","LAB542"
"331","c6c22e56","saul","wooten","19780107","LAB982"
"332","36482b3d179","mary","day","19620108","LAB600"
"333","6b562793","gabriel","battle","19850901","LAB384"
"334","e318f0c42","johann","green","19560926","LAB918"
"335","f057be40","alec","berry","19770616","LAB269"
"336","65a299f5a226","kieran","knapp","19701009","LAB815"
"337","ef30d525f","spencer","snow","19411008","LAB946"
"338","d810507518","brendon","bell","19610206","LAB712"
"339","de3be7637955","mara","gonzalez","19500516","LAB432"
"340","6689b95f47d2","rayne","atkinson","19850416","LAB662"
"341","4003a3a","beatrice","wade","19460624","LAB009"
"342","a21d4a0073","sophia","nielsen","19561115","LAB310"
"343","fb7780","bailee","key","19691225","LAB791"
"344","5717e3e14","kyler","boyer","19551223","LAB215"
"345","065cc20","yaritza","patterson","19640718","LAB026"
"346","6a4e2","guillermo","leach","19711006","LAB186"
"347","7eff325364d","caydence","webster","19590508","LAB743"
"348","bc614","bradley","abbott","19771228","LAB466"
"349","1a257a80f81","ayana","donovan","19840430","LAB841"
"350","f589c903d66","caden","barrett","19741113","LAB708"
"351","425851806","leonardo","bates","19470313","LAB958"
"352","8378fd33","aubree","singleton","19490923","LAB645"
"353","be3154","zavier","david","19641112","LAB777"
"354","2f6931a","austin","grant","19690826","LAB694"
"355","5afb9fb","destiny","grant","19611015","LAB802"
"356","3e61404e571","carolina","moses","19621111","LAB499"
"357","ab519deea","ernest","tate","19660319","LAB510"
"358","9c9107db","allyson","cruz","19710602","LAB560"
"359","01bd44","jessica","kline","19560923","LAB856"
"360","3569d33","manuel","pugh","19860417","LAB748"
"361","33c905a402c7","tenley","camacho","19450407","LAB072"
"362","e2351e264ea","derrick","welch","19900722","LAB925"
"363","5a7fb3e5dc5","heath","william","19800109","LAB553"
"364","bc42d372","janae","coleman","19500715","LAB767"
"365","545288f0f8","margaret","fuller","19580306","LAB908"
"366","2a4844","jocelynn","potter","19730216","LAB913"
"367","57479d64dbd","alessandro","moreno","19770724","LAB650"
"368","6bff085ebf21","bridget","fields","19560106","LAB229"
"369","6f42d400ff77","aryan","manning","19571011","LAB307"
"370","3b0d48b33a94","maverick","noel","19580603","LAB696"
"371","96c03060e1","emely","cote","19700412","LAB321"
"372","d2c420b5731","jerry","newman","19500822","LAB223"
"373","3f7efff2dcae","kale","herman","19750831","LAB743"
"374","1bb681b0","madyson","woodward","19771022","LAB123"
"375","54e17c02","alisson","mcintosh","19551115","LAB122"
"376","7237108df1ff","masen","mueller","19510806","LAB056"
"377","3a51cc6da","victoria","kirk","19570526","LAB683"
"378","47d216","hunter","jimenez","19670221","LAB478"
"379","63dd405","frank","franks","19900929","LAB716"
"380","11d0fc4b6eb","nathanael","snider","19410722","LAB443"
"381","ebec8a","danica","king","19620119","LAB072"
"382","b09f77569d","damarion","fields","19860901","LAB494"
"383","e3ab40","emilie","petty","19500129","LAB771"
"384","4ae9f","quinn","becker","19920114","LAB200"
"385","2c91ec9a8cd2","katelynn","mcfadden","19620426","LAB933"
"386","2dbc498","jorge","sawyer","19420403","LAB972"
"387","281c626","deshawn","estes","19680930","LAB377"
"388","57b64d2382d9","fabian","branch","19711223","LAB258"
"389","47db6","maggie","maxwell","19540813","LAB170"
"390","2dca1c714e","trey","collins","19860126","LAB395"
"391","dbfb5e283a1","lindsay","flynn","19880505","LAB416"
"392","d622b6506e1d","matilda","mcdonald","19750512","LAB210"
"393","efc27bcb4888","myah","giles","19521026","LAB787"
"394","d456a017950","milan","ramsey","19570919","LAB426"
"395","3dccdfac64a","diamond","oneil","19411104","LAB140"
"396","9cfcdd","ernest","dillon","19891112","LAB690"
"397","1f1a0102","jaliyah","page","19540204","LAB044"
"398","6b39957","wilson","carey","19440310","LAB763"
"399","b636927","rylan","simmons","19520808","LAB048"
